main-crop,sub-crop,N,P,K,temperature,humidity,ph,rainfall
Coconut,Banana,7.647650899,19.25922935,33.45432478,27.10470522,97.39669176,6.255716818,132.689877
Coconut,Banana,28.01466499,25.51451631,33.17229967,29.13822924,94.06291975,5.76507226,161.4898198
Coconut,Banana,12.90648445,26.38804079,26.34713442,28.41468352,93.9209291,5.833116828,181.5807255
Coconut,Banana,8.691236419,17.67551189,33.98904927,26.15007468,94.61444915,6.34691088,192.6840621
Coconut,Banana,16.06639598,18.65313076,31.09965251,29.22026243,93.5523151,5.947363725,213.6730576
Coconut,Banana,28.44930878,14.13334151,30.42597041,29.04798121,93.26144158,5.885442742,194.6367398
Coconut,Banana,17.8564415,26.32061515,31.32478602,28.51420567,99.36419176,6.348535118,140.0815538
Coconut,Banana,23.69547472,11.19579503,26.46206393,28.64632295,98.96118103,6.357205998,151.1608139
Coconut,Banana,36.28785684,17.21982874,28.07878943,25.43382405,92.41497233,5.890417864,132.2282033
Coconut,Banana,15.02063151,20.68042981,28.76222355,26.02793764,95.1824865,5.806424675,214.125003
Coconut,Banana,26.19582966,8.193117306,30.3133717,28.84375241,98.15853429,6.440405568,163.543205
Coconut,Banana,33.84048017,12.12646531,30.43686117,25.57475567,96.7341152,5.672963478,188.1632737
Coconut,Banana,33.7860115,23.58572285,28.00025268,26.43404915,92.84562407,5.858138712,150.8403384
Coconut,Banana,7.329916298,18.34512071,30.39000149,26.91491673,91.93259482,5.687492226,203.0216768
Coconut,Banana,32.34229816,26.98226408,32.85409908,29.49800604,92.90151246,6.102060923,204.7820884
Coconut,Banana,6.370159661,17.79257918,29.50133172,27.17903725,99.16100938,6.437969507,221.172629
Coconut,Banana,29.14028364,19.28297095,33.91273081,26.98276414,91.36812117,6.395971177,147.0658192
Coconut,Banana,23.74186909,11.867771,29.596463,27.21907916,94.55315682,5.64056526,169.658585
Coconut,Banana,15.30777957,11.43347443,32.02704328,25.8779383,91.81458011,5.979513998,220.8829576
Coconut,Banana,36.35143517,7.859273348,33.67408024,28.52242824,98.36824491,6.143581882,181.5173442
Coconut,Banana,32.98836584,22.2186544,31.41175723,28.59549974,98.82253233,6.293480641,188.3318772
Coconut,Banana,37.46779704,20.79452435,32.40653688,25.48983261,92.61426084,5.717681953,143.4992505
Coconut,Banana,32.89790587,15.35503526,27.71840554,29.14274168,91.34529959,5.68834663,214.9636748
Coconut,Banana,32.74765782,21.18382754,26.72274634,29.06307895,91.11336304,5.888612253,216.4422137
Coconut,Banana,11.15286215,6.001635802,27.68757011,26.89598912,95.12492338,5.732341485,169.8340137
Coconut,Banana,19.28130931,25.19229303,27.20311217,26.2218916,94.94787164,6.083761304,146.6207096
Coconut,Banana,10.27314754,18.09608463,32.42689338,29.38356938,91.39362873,6.208214661,223.456952
Coconut,Banana,24.87806722,7.316532134,27.97738944,25.50170887,99.03198214,6.415640966,148.7588784
Coconut,Banana,27.24850844,11.05731439,28.3713996,27.06571756,96.84572236,6.365949769,220.1439344
Coconut,Banana,12.63566298,25.03136658,26.58767594,25.65436262,98.48585225,5.802898017,209.7824012
Coconut,Banana,6.420272269,22.24239294,32.5197513,28.91244349,98.21713921,5.74565522,137.7309691
Coconut,Banana,32.4019216,7.53834333,32.46668165,27.05628907,92.47091865,5.764582137,188.5120972
Coconut,Banana,29.48081267,26.55986472,32.90855814,26.56786206,95.62639097,5.909200117,177.4152649
Coconut,Banana,7.438163467,13.02776994,31.12248767,25.21677287,94.86616855,5.992267118,144.8139816
Coconut,Banana,22.00447846,25.51928527,27.5778382,26.38269707,95.60916043,6.130120877,218.0752662
Coconut,Banana,9.275124441,18.02034743,33.66739188,25.76564305,91.98505533,5.569263574,220.5771379
Coconut,Banana,6.818564263,14.05978044,29.33452638,25.26530913,94.12606729,6.413680765,200.1762463
Coconut,Banana,9.191530365,16.54746543,31.90944767,25.52034925,91.11727783,6.364874438,215.7134974
Coconut,Banana,34.48722646,25.10795187,32.95989116,26.11932978,92.39127728,6.370864545,209.9001583
Coconut,Banana,30.73572897,25.93890481,28.3553967,29.48973766,90.71126362,6.28995141,217.2763043
Coconut,Banana,13.36908718,11.23969783,33.95305072,26.62622124,99.38453546,5.884362005,186.0335089
Coconut,Banana,8.442642072,9.858586667,27.32783472,26.52514449,94.03443136,5.633487689,166.2301764
Coconut,Banana,18.14043518,16.38363636,27.46358151,25.6502683,93.27304502,6.254605956,206.3794564
Coconut,Banana,16.83600752,20.48966564,29.13243559,25.49405522,97.05970672,6.259080204,143.8639397
Coconut,Banana,29.94170264,22.08596889,30.77197493,25.92456822,93.15317314,5.902361566,181.1363195
Coconut,Banana,14.71164935,6.833949642,28.66116313,26.67081477,98.35250379,5.730344377,202.8358733
Coconut,Banana,35.2451082,9.68488421,31.15948332,27.46304486,98.68798951,6.16225481,163.6956659
Coconut,Banana,9.450009931,15.39962088,28.17756111,29.44353851,96.58102076,5.74198907,197.9818408
Coconut,Banana,29.33257258,10.81710841,26.4829917,28.22642976,94.80983957,5.984677954,166.2245307
Coconut,Banana,18.75747165,7.151893429,28.7976934,28.05468086,92.56850724,6.062149489,157.4872588
Coconut,Banana,25.450807,6.215688654,33.01572737,27.6012206,90.67332337,5.728326479,200.6836573
Coconut,Banana,35.36343894,7.415565481,32.35115076,26.54323039,95.23759756,6.44632136,137.845017
Coconut,Banana,10.0262371,12.96042461,30.37884934,28.16235039,92.79472049,5.559135691,142.6025155
Coconut,Banana,18.89262677,20.17618234,31.08421533,27.79342202,94.55858596,6.030426673,140.7109367
Coconut,Banana,29.3624468,23.05618849,27.90375754,26.10353098,90.52219213,5.663379695,207.2034279
Coconut,Banana,19.93685305,23.1030051,32.6120803,25.94431027,93.561554,5.607569295,198.7279878
Coconut,Banana,15.26850839,8.216397958,31.76047912,28.18331836,94.24422591,5.992374507,144.6138215
Coconut,Banana,36.21348372,27.4980739,31.72292131,25.75960439,94.62528576,5.952638831,184.4369872
Coconut,Banana,9.692238557,20.57853788,32.18480003,26.9175523,93.9491425,6.32230828,212.7166962
Coconut,Banana,26.52397233,22.22085979,29.74244366,27.55094855,99.40373428,5.718046023,185.7993843
Coconut,Banana,10.40011478,13.89960152,33.90627302,27.94764195,91.11772762,6.110054822,154.5047635
Coconut,Banana,24.81683103,19.70079492,33.57393864,26.62036083,93.984517,5.849967251,145.2518012
Coconut,Banana,25.55253119,24.37524802,29.00134255,29.0341549,93.39949483,5.738778498,169.8453487
Coconut,Banana,11.56095099,10.41592221,29.654088,29.49311026,97.9240605,6.185026496,158.1479603
Coconut,Banana,14.16601692,16.3518879,32.01231281,27.98833438,95.74931385,6.100655077,139.6145141
Coconut,Banana,9.22660158,6.556901184,32.58681042,29.32115603,96.34818134,5.79362379,190.438518
Coconut,Banana,18.27497249,27.09727387,26.0280777,29.26618881,98.39545408,6.110361473,150.0968816
Coconut,Banana,37.57179859,26.54580218,28.27988686,28.38006218,93.56502875,6.365835589,182.4845476
Coconut,Banana,13.78411009,15.96717454,32.19128414,28.70255705,91.81304952,6.429039331,150.9890496
Coconut,Banana,35.82366686,26.39808546,30.92715163,26.94115286,95.21583078,5.633721524,145.5303179
Coconut,Banana,18.584188,24.37115273,32.59591828,27.15391902,98.05290786,5.850751378,190.0739309
Coconut,Banana,18.89153852,23.03994874,31.64524591,25.38240825,91.88684689,5.777899904,172.3988348
Coconut,Banana,22.00593783,11.87377226,27.85860275,26.82989634,95.99506659,6.026981013,191.4398492
Coconut,Banana,15.76216084,27.2334504,29.09395531,25.43116427,92.57976162,6.322599129,221.9826314
Coconut,Banana,22.17187374,24.55395149,26.74950074,28.18902364,94.22699439,5.898311009,205.0961299
Coconut,Banana,11.42150935,13.63215997,32.60929238,29.20384716,99.17215877,6.299117427,161.5894476
Coconut,Banana,35.92992294,15.07414585,28.63107411,25.22210924,93.22442367,6.423558625,143.001332
Coconut,Banana,35.72931902,19.23528482,28.99765205,27.69471189,96.91515455,6.356298615,165.3472215
Coconut,Banana,10.81746996,27.20642385,30.37624571,26.37808166,92.87860244,6.351479752,205.9094208
Coconut,Banana,36.12242672,26.42594466,33.41181265,28.20744375,96.83928468,6.040211179,179.2614011
Coconut,Banana,36.05318716,7.561862914,33.95539504,25.6919829,97.6367236,6.31350597,175.9371257
Coconut,Banana,6.728047967,25.44003398,30.24917783,25.52567167,92.80337156,6.269091707,189.3430863
Coconut,Banana,36.04707865,9.484711797,30.51368683,28.58321264,99.00280233,6.251317966,210.8922987
Coconut,Banana,31.89628261,22.46541262,32.3761438,29.08794405,92.22527346,6.004940403,137.6446177
Coconut,Banana,16.35625595,14.66632944,32.73710409,28.98748982,93.6190643,5.758590612,150.6152328
Coconut,Banana,27.25153512,12.31969026,32.95107845,26.36919077,96.85697953,5.820074016,166.2670086
Coconut,Banana,17.87271589,18.43830435,32.83167691,26.58811952,98.14729213,5.917046774,145.0369475
Coconut,Banana,24.2507819,14.64208067,33.82101068,28.7161147,94.10286081,5.940599171,205.7418105
Coconut,Banana,33.87133985,17.06143165,27.89689715,28.50054578,91.76575449,6.207841271,199.2441011
Coconut,Banana,12.2807235,12.89969912,33.45655291,25.95698034,97.98344787,6.177398633,171.5255218
Coconut,Banana,17.94467961,23.42512761,31.41594277,27.50953083,97.72513964,6.277908427,153.7952591
Coconut,Banana,32.65398728,10.72455305,29.43868296,26.47660275,95.61439844,6.145100964,134.4914089
Coconut,Banana,29.11918002,13.44673277,31.00916575,28.75800915,90.51664821,5.695009533,142.4749832
Coconut,Banana,21.2837241,8.39307779,27.457722,25.78091044,93.33293899,6.105054891,159.3800111
Coconut,Banana,6.662548071,11.54601538,30.94008311,28.3558443,91.58550792,5.996214256,190.6147816
Coconut,Banana,5.50801225,24.18230748,30.5436208,27.79900753,92.68885084,5.955353547,195.2876094
Coconut,Banana,13.68428066,21.78064094,26.62663349,28.00653664,95.94014371,6.360288036,132.8437352
Coconut,Banana,12.29949283,19.86448324,31.92079413,26.2772054,91.68183763,6.123641969,217.4684875
Coconut,Banana,25.44481976,27.54085494,33.9814883,28.42221034,92.42552807,5.970048068,145.6580637
Coconut,Banana,6.43093612,12.44563817,28.39370185,25.46910636,96.91637284,6.03299012,162.1425353
Coconut,Black Pepper,26.88762902,26.81935496,32.41671285,27.32467188,91.52884586,6.379609642,152.669254
Coconut,Black Pepper,6.281707603,5.39809096,31.57556402,27.88264608,91.6614702,5.853472948,218.0110785
Coconut,Black Pepper,17.39950233,23.03732128,31.18140899,28.46993259,96.5619063,5.872815698,136.3840519
Coconut,Black Pepper,36.11696014,24.58744555,29.69885013,28.01918234,94.57267011,5.954111605,141.5001474
Coconut,Black Pepper,33.31406117,25.06442358,30.67815046,29.4412955,94.19651894,6.186002715,135.8048685
Coconut,Black Pepper,7.897986769,19.72562669,30.23248047,27.27297892,96.29936863,5.765891313,157.3633549
Coconut,Black Pepper,29.55979281,11.18465772,28.72783251,25.85037465,90.71573516,5.627758729,175.7304599
Coconut,Black Pepper,14.3014117,19.1158413,27.43118918,26.19726974,97.9313991,5.928992641,174.8899195
Coconut,Black Pepper,30.68257518,5.361500941,29.33428654,29.06802844,95.40439896,6.342961736,213.8405691
Coconut,Black Pepper,14.05153093,24.93711561,27.78326605,26.94418318,94.82346745,5.587678157,194.3374727
Coconut,Black Pepper,23.94464156,13.04638617,31.47767028,27.71354071,93.12198211,5.817030272,222.1555057
Coconut,Black Pepper,12.42301168,7.715824003,32.41796019,27.94379385,95.43758088,6.380506772,191.9904539
Coconut,Black Pepper,25.38307424,24.90676854,32.85212698,26.74568196,95.94685443,6.110129211,194.0573041
Coconut,Black Pepper,36.97795545,13.98078533,27.74501941,28.82489532,95.16214621,5.814646042,137.6347134
Coconut,Black Pepper,17.28695125,8.039638143,29.66378141,28.34890051,92.31428718,6.435177963,140.9961634
Coconut,Black Pepper,5.408179563,7.705841037,31.59886585,27.75837663,96.7692636,5.872626626,142.784508
Coconut,Black Pepper,19.18310038,16.16841904,29.77716606,27.86498481,98.42702226,6.28687195,177.3746738
Coconut,Black Pepper,12.64394923,19.12227481,31.75498584,26.80331346,96.64146796,6.094695041,190.47861
Coconut,Black Pepper,8.668191243,14.71835981,32.88090873,28.75935368,95.02079343,6.350868375,160.2345723
Coconut,Black Pepper,17.64731654,25.06841359,31.22172984,25.25274024,92.8182727,5.6492572,199.7735852
Coconut,Black Pepper,17.78270211,9.545510308,32.0096039,29.0048863,95.56512543,6.006666494,211.0436824
Coconut,Black Pepper,31.53945061,13.41157349,29.57974795,25.87774443,97.79340402,5.625562776,154.2592164
Coconut,Black Pepper,17.47149228,20.91618881,30.21785735,29.07904104,92.69200224,5.808950631,157.3345165
Coconut,Black Pepper,11.529635,18.69416899,30.10717238,28.53734595,96.83413708,6.088642472,187.2575643
Coconut,Black Pepper,15.49293199,19.47091561,27.60003368,27.30201306,90.56746887,6.18017467,142.6825276
Coconut,Black Pepper,3.865404959,14.30703695,31.84124036,26.26023028,92.44107685,6.063751133,147.4422178
Coconut,Black Pepper,23.68124962,23.47734466,30.4480724,27.47087131,93.18207507,5.669263678,159.1717167
Coconut,Black Pepper,25.12204618,18.472078,30.49510871,26.55807251,91.95557313,5.855437735,209.3064235
Coconut,Black Pepper,20.84155139,23.22449427,32.94811248,25.20366541,98.64847052,6.080256974,171.966325
Coconut,Black Pepper,26.90005033,25.12484765,31.98811737,26.97941485,96.55764724,6.236572803,203.8873549
Coconut,Black Pepper,3.323226092,24.68068419,29.18681183,28.04570764,97.26953004,6.359027584,174.5510506
Coconut,Black Pepper,33.71683932,5.194583261,29.10118677,26.92139452,91.13170601,5.739602248,175.1679639
Coconut,Black Pepper,35.70805247,26.54391663,31.43204612,29.09956963,91.28418596,6.052686547,216.3790007
Coconut,Black Pepper,38.68543759,5.525068726,27.851864,25.31136398,92.89628469,5.562001188,183.1586517
Coconut,Black Pepper,23.89491268,7.014146255,27.94733695,26.95085205,97.69461995,6.117567979,137.6036586
Coconut,Black Pepper,34.7671149,19.86924907,27.32260114,25.92713135,98.88895435,6.378559486,198.6946916
Coconut,Black Pepper,14.46733201,8.959216366,28.10586692,28.29116487,90.73699007,6.198849728,183.2763566
Coconut,Black Pepper,3.365220459,25.9942507,27.59361533,25.41982047,93.84197096,5.89932227,175.4107379
Coconut,Black Pepper,3.831048236,24.18042959,31.45743039,27.20938272,96.36682675,6.211696847,213.7116014
Coconut,Black Pepper,27.60076217,8.983567189,28.39824035,25.62626965,93.58188493,5.990858246,148.6085246
Coconut,Black Pepper,2.735839534,20.06091627,31.2211781,28.2294917,92.91111171,6.160324733,189.4682393
Coconut,Black Pepper,21.08218339,25.66301684,31.32390087,29.06623325,91.96206814,5.848779344,215.3757418
Coconut,Black Pepper,24.05813421,7.720641482,27.57493275,28.96024734,99.07415055,6.137038864,175.0960753
Coconut,Black Pepper,27.66489712,9.473072759,31.19588336,25.73803053,95.48664511,5.78291809,142.5949915
Coconut,Black Pepper,5.557756768,22.12853846,30.58386856,25.81975316,90.94384549,6.328639137,145.7493768
Coconut,Black Pepper,9.36191096,22.020788,29.34516586,25.17656882,91.52312514,6.042831458,197.6371275
Coconut,Black Pepper,17.85138225,9.314950701,27.04690695,27.98637667,97.92515662,5.564727923,169.4014337
Coconut,Black Pepper,18.67233846,11.49639486,32.82750974,27.47609853,96.31370411,6.057547463,168.3495643
Coconut,Black Pepper,26.17641945,24.09441876,27.14676716,25.46815259,92.23238579,5.824182814,154.3973225
Coconut,Black Pepper,11.36918119,8.797150081,31.57373631,26.19123806,93.21868602,6.35403884,182.0440675
Coconut,Black Pepper,29.46272137,7.965675596,31.81017753,27.38243268,96.8454175,6.036548727,135.0415511
Coconut,Black Pepper,10.06423368,25.53258869,28.80844799,28.97091675,92.22631385,6.278205771,160.704688
Coconut,Black Pepper,19.15648517,5.150269995,29.22489015,28.94677111,96.49346845,5.948729479,198.1574282
Coconut,Black Pepper,2.885212751,22.13395768,31.78613407,27.78436115,99.28775707,5.587210204,209.9314131
Coconut,Black Pepper,7.159439275,13.54399969,32.40389366,27.60027715,95.90789107,5.830557727,219.8700053
Coconut,Black Pepper,15.13720591,17.54058513,28.82929845,27.43717708,93.64066505,6.296884539,135.8817872
Coconut,Black Pepper,9.118960512,19.11913342,31.3310577,27.96344038,91.29538878,5.970548521,178.452192
Coconut,Black Pepper,12.61061484,9.845193003,32.94846861,28.72664073,96.66033762,5.941460158,145.0352929
Coconut,Black Pepper,25.73355984,21.54165714,28.56616731,26.03347974,91.32882614,5.637539924,179.7586851
Coconut,Black Pepper,26.10655733,9.504559071,32.01630245,28.1593907,91.50185672,6.443578436,191.6774355
Coconut,Black Pepper,16.51173197,5.414006424,27.40165394,29.44369556,98.14011524,6.158869259,213.394298
Coconut,Black Pepper,31.5520665,25.9602634,31.34177163,26.68028787,97.70732432,5.955934461,202.2592249
Coconut,Black Pepper,32.02415352,16.79929913,27.78592162,25.90015276,93.08683314,5.934079072,184.8313586
Coconut,Black Pepper,3.703956626,25.99251103,31.52718986,28.4466247,93.89793663,6.280010078,167.2120748
Coconut,Black Pepper,27.95761735,17.77799991,31.24875799,27.26653036,91.72773917,6.447811826,172.6997021
Coconut,Black Pepper,13.63355225,12.67855329,27.42446307,25.28138175,95.05829335,5.919809722,184.9351513
Coconut,Black Pepper,5.289210185,23.21540643,28.5478092,26.8973275,91.50604766,5.951394525,192.0093485
Coconut,Black Pepper,8.921596221,25.38738192,32.11973896,25.17414406,99.41895144,5.536177746,162.2101813
Coconut,Black Pepper,3.541819198,16.68200108,32.68428837,29.28688733,99.46141666,5.95382765,176.3782984
Coconut,Black Pepper,36.37777893,8.243702998,31.74496624,27.73544003,90.57732836,6.089498066,197.8936032
Coconut,Black Pepper,24.04192739,17.16861433,32.13478616,28.39397074,93.36535102,5.816939652,132.2883986
Coconut,Black Pepper,25.10622627,6.705758072,29.85644937,26.96080305,96.16401411,5.895573072,207.8308958
Coconut,Black Pepper,38.83428083,6.809525215,31.26177918,25.34405858,96.14719805,5.590585177,178.3338654
Coconut,Black Pepper,24.71450912,21.23874459,27.71816635,28.57376945,95.14163625,5.639830823,221.2301678
Coconut,Black Pepper,12.20233878,11.59782923,31.88077996,29.354738,92.26117182,5.751236617,215.6170423
Coconut,Black Pepper,15.35305112,14.05425038,32.54108777,26.29316693,90.44884805,5.551750186,139.5496896
Coconut,Black Pepper,32.14520048,24.38539614,30.08067562,28.84510978,98.5144722,6.210692691,170.8302689
Coconut,Black Pepper,28.79787338,21.16212433,27.73447747,25.81560771,90.33985428,6.055921346,143.4484212
Coconut,Black Pepper,31.54788401,11.39565665,28.6163266,26.49368119,97.96366517,5.683607955,135.7231268
Coconut,Black Pepper,37.47472574,17.71507276,29.81771763,26.8585877,98.03907406,6.40663523,202.5904774
Coconut,Black Pepper,20.94149662,24.13979851,28.89087123,29.05494659,97.76028921,5.742030419,197.2431328
Coconut,Black Pepper,2.447156968,13.31608038,28.75698997,27.98242384,91.64403157,5.826762696,171.07974
Coconut,Black Pepper,12.29307785,14.76920827,29.04646083,29.40866682,98.64922782,5.709948785,166.650143
Coconut,Black Pepper,34.72013038,22.25647617,27.09608724,28.83992548,94.13856456,5.601477487,224.3945346
Coconut,Black Pepper,33.75860693,8.863501944,30.71803713,28.85817127,91.06925834,6.441642389,218.470116
Coconut,Black Pepper,33.91177738,17.54336225,29.29431517,28.24763976,96.98870353,5.865916766,223.653358
Coconut,Black Pepper,35.42707774,23.63300045,30.92463481,27.65619357,93.55445798,6.211917859,169.4007424
Coconut,Black Pepper,11.04677771,23.24002908,30.51231286,27.99336618,96.12412865,5.797363865,216.5141569
Coconut,Black Pepper,11.8251997,8.519833429,31.74445757,27.17756972,94.77359563,6.01258758,200.2832231
Coconut,Black Pepper,7.768426672,12.80587102,27.10987935,28.51996926,99.67606924,6.408250581,180.7771526
Coconut,Black Pepper,32.45668608,5.025946995,31.76657614,28.20749382,96.09749589,6.292428095,218.4552921
Coconut,Black Pepper,34.22270484,20.79406996,27.30768309,26.31378062,96.14021173,5.796290883,209.8194147
Coconut,Black Pepper,3.218343724,15.4848865,28.25790756,27.49215139,94.62636191,6.076077217,165.7518856
Coconut,Black Pepper,35.59117542,20.6223985,28.99159632,25.71037863,90.76145337,5.628700104,163.1802104
Coconut,Black Pepper,24.10411437,7.675082498,31.51952225,28.46250549,99.26915501,5.615858809,210.7603624
Coconut,Black Pepper,12.36167708,20.7450362,29.34401877,26.87814429,92.51576017,6.346195231,151.8025598
Coconut,Black Pepper,7.831396015,23.10764585,30.50801827,26.53342165,97.37972935,5.756792155,133.7499503
Coconut,Black Pepper,25.99687144,24.21949772,32.12660951,26.51407914,94.34942352,6.27099908,172.1842245
Coconut,Black Pepper,8.364459089,6.542797728,31.45380826,25.286747,94.28001429,6.057169829,165.1910082
Coconut,Black Pepper,3.591000232,25.91122937,27.33379413,26.01485559,97.40088922,6.43302131,213.9112032
Coconut,Pineapple,20.15150816,14.43527425,30.90029378,27.0014101,95.41873191,5.644460341,208.9827007
Coconut,Pineapple,23.16047961,25.37065827,31.45516016,29.25387939,93.39695881,5.826482413,200.1326489
Coconut,Pineapple,14.93761641,14.30307271,30.59217289,26.62270688,93.9240445,5.877221622,216.0733032
Coconut,Pineapple,31.47307081,11.41087147,29.97457803,25.42691629,98.84549705,5.590743809,180.5987807
Coconut,Pineapple,25.812475,8.690744737,28.93020947,27.74002838,93.06146193,6.346136676,170.9921387
Coconut,Pineapple,7.895335384,12.50965075,31.70540233,29.66334331,91.88556168,5.587431129,150.1648785
Coconut,Pineapple,32.16994864,11.68028463,31.84232892,29.33757355,91.47286586,5.918299097,202.8398912
Coconut,Pineapple,32.89255249,15.33049962,30.10630055,28.51706309,93.25977616,6.069913891,151.0418775
Coconut,Pineapple,28.32382068,18.38248018,29.79944887,28.01458737,95.80499035,5.869298663,173.7581523
Coconut,Pineapple,8.614767076,21.70214383,28.58411653,28.05688509,98.72788843,5.888351836,193.9533795
Coconut,Pineapple,10.58090232,14.71706693,29.172521,26.46836958,92.1655377,6.305081991,150.8088683
Coconut,Pineapple,12.20718693,18.61885251,31.70091599,26.81891007,97.96030012,5.60897142,131.7511101
Coconut,Pineapple,9.144780425,21.77672082,30.67244318,28.50080081,92.9038328,5.713688272,169.9299666
Coconut,Pineapple,14.87522864,9.840694485,31.68438225,28.36345046,91.64882424,5.882457478,201.9005752
Coconut,Pineapple,21.21015945,15.3790659,29.82758157,26.84427515,97.50351744,6.065914343,199.25438
Coconut,Pineapple,12.1324815,16.96519508,31.54831901,28.36504255,99.3745114,5.611078744,212.7042357
Coconut,Pineapple,33.90261014,8.421827362,28.07965714,27.69634519,98.61395993,5.966867561,183.6933815
Coconut,Pineapple,36.68601574,19.59873544,31.95263894,26.72056249,98.53096947,6.095498928,141.9593081
Coconut,Pineapple,17.47738256,19.76594459,29.77278149,26.11944139,96.26111422,5.936619108,188.9597089
Coconut,Pineapple,11.72134106,21.62912751,31.3714651,27.9911579,95.8363772,5.85292878,173.96761
Coconut,Pineapple,24.02036021,15.57366701,31.67843112,25.98203723,93.35165886,6.306058419,172.9830297
Coconut,Pineapple,20.67728389,10.4353996,28.88717686,26.12814088,98.19651033,6.274534586,208.9387103
Coconut,Pineapple,4.75280652,21.22990753,31.07449182,27.3669203,93.45966929,5.666477238,223.6812612
Coconut,Pineapple,32.03632796,10.15958169,29.63366376,26.96545186,93.08129815,5.89342103,195.3998514
Coconut,Pineapple,23.6029148,25.15496651,29.27509474,29.37562141,97.14830574,6.185853197,169.0189912
Coconut,Pineapple,17.74306899,17.96970627,30.74858334,27.92959678,93.91567213,6.364764102,180.5567235
Coconut,Pineapple,31.66870077,10.21361644,28.83351049,26.12432676,93.9168373,6.110189576,149.1096559
Coconut,Pineapple,23.70736624,18.31549318,28.09755189,25.90450136,93.3621184,6.037304982,209.4795243
Coconut,Pineapple,21.39869387,18.9118883,30.08562821,28.7787993,96.49760004,5.794359066,207.5345033
Coconut,Pineapple,3.842220411,16.6915064,28.95040072,26.37596696,92.58270176,6.022980769,147.3790497
Coconut,Pineapple,36.23424629,13.31857587,29.35864534,26.25726512,98.25605543,5.935134005,156.8722529
Coconut,Pineapple,32.182234,25.53438175,28.83683056,28.5504864,96.37742573,6.287657859,188.6814104
Coconut,Pineapple,7.04581369,11.69145537,31.44724401,28.28735637,93.65725099,5.85641607,142.3948211
Coconut,Pineapple,10.39175181,22.89496147,28.11688805,29.19221099,98.21165929,6.102231933,206.7856264
Coconut,Pineapple,5.603622056,15.45469953,28.53984776,26.54843283,95.18290193,5.741336381,141.3628721
Coconut,Pineapple,12.99804014,11.93038183,30.66423524,25.89582021,96.90050236,6.180402987,161.2045928
Coconut,Pineapple,29.37182101,22.47408864,30.5078082,25.42118444,92.5077128,6.221116598,223.9109151
Coconut,Pineapple,4.51143907,16.74569153,30.850736,26.14334575,98.99241133,5.983598665,142.934204
Coconut,Pineapple,19.21554075,16.62399447,31.93019914,28.28695291,92.77010413,6.325199415,135.6116901
Coconut,Pineapple,34.96743333,15.96188672,31.87557067,28.6177345,92.42770081,5.690774765,166.8868216
Coconut,Pineapple,28.92199483,13.79827983,30.81927099,26.49778964,96.49388807,6.385743417,188.7409983
Coconut,Pineapple,3.310389175,14.71924804,30.20432257,26.14911627,94.31434089,5.992269099,196.1238082
Coconut,Pineapple,25.96624272,16.3421386,29.90387928,27.62275529,99.29708321,5.85102728,210.0400393
Coconut,Pineapple,29.95902654,20.56342419,31.15096864,28.98137079,90.21185854,6.022858376,168.5979478
Coconut,Pineapple,14.79559826,22.52672646,28.5142257,28.78091736,95.03808373,6.183835535,162.7688396
Coconut,Pineapple,30.51453872,21.21035703,29.4567349,26.45069652,93.00157289,5.843225906,156.5087702
Coconut,Pineapple,18.18823484,20.33894953,28.7684962,26.39823716,92.12947497,5.987984154,139.6376595
Coconut,Pineapple,15.81380621,19.17662168,28.49381999,28.78611907,96.86572088,5.611094548,190.6624303
Coconut,Pineapple,28.64550338,22.50132153,30.62059831,26.74113064,95.16536023,5.600849367,132.6453742
Coconut,Pineapple,19.53294969,15.02537511,28.98234823,28.08346059,93.88808129,6.207553496,132.5677684
Coconut,Pineapple,18.65704308,8.304885703,30.19544214,25.76056692,95.42500009,5.984358779,161.1609757
Coconut,Pineapple,7.768379464,15.50446698,29.17777871,26.33289561,96.79972168,6.088478297,145.3834086
Coconut,Pineapple,6.04091991,24.84202704,28.17906325,27.13213466,96.72148395,6.278830602,185.9784099
Coconut,Pineapple,21.93759774,23.66431471,31.07122309,27.38212908,95.57049209,6.383530944,151.6626519
Coconut,Pineapple,32.53075446,15.00973746,31.82476346,28.1650347,98.0587357,6.132598649,213.2333336
Coconut,Pineapple,20.40682552,18.28208868,29.41770028,29.46650888,93.53409988,6.299505714,175.1625156
Coconut,Pineapple,28.41310333,12.33704894,31.26687783,26.29441204,94.44296209,6.320756102,221.6082537
Coconut,Pineapple,17.89241435,20.15257608,31.18020818,29.04526748,97.99488339,5.779254281,191.2967728
Coconut,Pineapple,24.88333715,16.07810898,28.80432617,28.35585658,91.20165475,5.815988035,135.700723
Coconut,Pineapple,34.89690475,24.91586513,31.71956956,28.38600668,92.0071344,6.400415867,181.1350988
Coconut,Pineapple,16.99924615,17.51268472,29.03211503,27.64303165,97.11068349,5.920290664,168.0328839
Coconut,Pineapple,23.22644834,13.26619546,31.56721133,29.55585431,95.16919312,6.214886561,184.2153836
Coconut,Pineapple,25.67858928,23.61205633,29.80385571,27.35605842,97.35046069,6.348256299,161.9941586
Coconut,Pineapple,15.10093221,10.82028481,31.41391032,29.07467476,94.71890757,5.638360517,157.6277049
Coconut,Pineapple,30.11798643,13.36651008,28.6362217,26.50647887,92.49629544,6.143891652,191.5011766
Coconut,Pineapple,22.60419832,19.01388152,31.34983342,28.33857816,95.98556091,5.993460266,199.5507189
Coconut,Pineapple,24.45383124,13.74724562,29.33016935,27.90036389,92.17169203,5.792040152,182.764363
Coconut,Pineapple,21.9600059,10.86313818,29.68822431,29.63140661,98.33270649,6.32039545,197.6256774
Coconut,Pineapple,7.809905841,8.49131111,28.68846883,26.6729464,92.0039841,6.220973965,209.3535567
Coconut,Pineapple,25.92602239,11.27210589,31.88810382,27.45203686,98.55474205,6.209730244,221.392654
Coconut,Pineapple,29.26162632,19.54123192,28.59455251,28.74223759,92.10425404,5.846637091,159.3936989
Coconut,Pineapple,16.25150856,21.78551661,31.46800604,28.24407119,94.90218557,5.802228949,193.6916107
Coconut,Pineapple,12.05336704,9.125328943,30.51172132,27.64505413,90.70095732,6.2374241,194.4160621
Coconut,Pineapple,3.46623335,10.0312404,28.18017977,27.1828007,92.18372136,5.770064731,220.8694809
Coconut,Pineapple,29.65378527,17.84452203,31.88900901,28.13582535,96.00411638,5.808901877,224.0244791
Coconut,Pineapple,8.719104137,8.335054434,31.16884522,28.84640998,97.41259604,5.70988743,224.2027965
Coconut,Pineapple,20.73376389,19.28585884,30.51450646,27.84163655,92.68427307,6.062255807,148.6831137
Coconut,Pineapple,19.74957359,8.904525082,30.82885192,29.05134427,98.86113816,5.919826753,134.5619644
Coconut,Pineapple,3.405892513,14.69535847,30.59053942,26.75892355,91.61293136,6.303951056,161.6360008
Coconut,Pineapple,32.00991393,23.89748795,29.88325627,26.2606629,95.9148312,5.618155229,139.5750275
Coconut,Pineapple,9.887222429,12.67156247,29.36034195,27.89223706,94.68029469,5.58722483,219.8806007
Coconut,Pineapple,4.182133111,13.16700696,31.88368416,29.61056406,91.38728621,6.145262569,136.6837054
Coconut,Pineapple,5.444652124,17.21439693,30.74602377,29.01189074,94.79477149,5.76752589,207.7849859
Coconut,Pineapple,26.00651279,25.52501531,28.50938418,29.33977706,95.59849003,5.620245671,201.0126181
Coconut,Pineapple,35.13933072,19.82096494,28.18497813,26.09304274,98.44818914,6.422145433,204.9235259
Coconut,Pineapple,30.09153581,21.14597424,30.788658,26.41117591,97.83124401,5.841470388,171.0445783
Coconut,Pineapple,4.873387776,12.86513925,28.22157284,28.64792787,93.12973318,6.316227752,182.8535808
Coconut,Pineapple,15.62595217,16.91751382,30.07845258,29.71042888,95.80904367,6.359465611,178.7308036
Coconut,Pineapple,7.122009884,23.94890445,31.63573705,27.41088008,97.24675558,6.176899223,156.1932361
Coconut,Pineapple,9.828367334,17.9298265,28.00197135,28.54828775,95.70938236,6.223042173,195.8434722
Coconut,Pineapple,14.74116022,8.660386119,31.70076778,25.76012899,95.61327812,5.836973384,205.2875241
Coconut,Pineapple,15.79256349,21.86387853,28.34271232,28.90907027,97.95599832,5.86039899,202.1911984
Coconut,Pineapple,29.77154142,12.91030947,30.35882451,27.13751919,96.57845394,5.768016806,184.1517276
Coconut,Pineapple,22.04419863,19.55863979,29.28046522,26.04650107,91.96048985,5.826918314,149.031945
Coconut,Pineapple,10.41059378,21.15706927,28.8716681,28.16159535,97.1660243,5.604242789,215.6510311
Coconut,Pineapple,23.13962952,19.85675627,28.66613275,27.75552567,99.27241985,6.305362484,167.8089104
Coconut,Pineapple,9.24528619,18.37919784,29.82848938,29.76806966,99.32185862,6.291745564,210.3127763
Coconut,Pineapple,28.62737092,18.58381091,29.88035254,27.59878549,93.39855017,5.798428564,224.6132708
Coconut,Pineapple,23.47319732,10.88768944,28.97777309,27.5330326,91.06964749,5.620007657,151.0478063
Coconut,Pineapple,13.94699532,9.348874104,29.16760236,27.52395244,99.17750944,5.696383436,135.1247876
Coconut,Cocoa,36.81254692,7.377050007,32.45956319,25.59273662,96.97908144,5.794969927,154.1863544
Coconut,Cocoa,24.50919651,24.09136229,27.04720506,26.53110428,98.21291379,5.81061882,157.7141328
Coconut,Cocoa,22.35183599,22.49461581,27.78346962,28.12361867,95.44078914,5.959425374,136.8693825
Coconut,Cocoa,17.34369026,16.09159946,32.54641839,25.71769566,97.70807753,6.242300891,219.8284275
Coconut,Cocoa,18.6872812,17.09462869,29.84661607,26.79233423,91.51586419,6.253402575,199.4958785
Coconut,Cocoa,7.400321005,12.72195435,29.92079421,26.38046978,98.81807166,5.680822625,145.5654633
Coconut,Cocoa,5.825606088,14.38354213,33.78533897,29.57334508,90.74462036,6.197045708,136.0246594
Coconut,Cocoa,5.50406347,11.93837106,32.32154632,26.15977189,96.88948318,5.724816203,144.7298379
Coconut,Cocoa,33.78029591,7.887781047,31.66031291,25.87350137,91.75765874,5.829678649,143.9758653
Coconut,Cocoa,13.05893182,10.8013294,29.59015138,27.89514508,93.90991656,6.069745697,198.6478215
Coconut,Cocoa,2.564316616,28.23237151,30.60871581,29.24424513,96.26027912,6.278531554,173.5605399
Coconut,Cocoa,7.731192729,19.43181184,27.738165,29.03478899,98.18626726,6.275593255,189.4901508
Coconut,Cocoa,11.09581446,16.75020601,33.59819605,26.25346933,91.21985432,6.357460475,210.2155446
Coconut,Cocoa,28.80093828,28.0443373,27.572121,26.32247335,94.46602075,6.305129808,154.4498112
Coconut,Cocoa,12.23233729,18.38891599,33.94401772,26.07019843,95.94264043,5.994052777,151.2415042
Coconut,Cocoa,21.54742934,6.150692577,28.95107338,26.3670461,96.70855752,5.681862567,156.1343477
Coconut,Cocoa,33.20374731,7.376006308,27.14638906,26.89533039,91.87421932,5.814694522,172.2373178
Coconut,Cocoa,4.396244934,13.99911863,26.26632697,28.62305959,97.10430212,6.260330161,177.7099967
Coconut,Cocoa,17.32518575,19.04282771,32.69876454,25.97144662,92.26112111,6.282409773,174.3609159
Coconut,Cocoa,10.56746959,14.14463129,26.30753804,26.60703951,90.84149293,6.339595356,195.0131113
Coconut,Cocoa,24.23785098,18.26839365,28.47863829,29.88878507,95.29764178,6.383101845,189.353547
Coconut,Cocoa,18.3870898,23.45572608,32.61908292,27.55049793,92.53350791,5.578885206,189.7541778
Coconut,Cocoa,18.31008578,23.48619017,29.62661651,29.12541722,99.00122211,6.126088277,225.0009987
Coconut,Cocoa,18.54158153,22.37844488,30.10705455,28.81773294,91.12371117,5.793215568,182.3256442
Coconut,Cocoa,9.577550728,28.65129228,32.48753708,26.54403662,91.09098051,6.15839194,163.4558182
Coconut,Cocoa,7.636817936,20.76907865,31.5186756,28.94195618,95.15772265,5.765139196,174.8328501
Coconut,Cocoa,17.51042128,6.322522155,26.4728833,28.7920162,92.94667234,5.539083555,135.7471405
Coconut,Cocoa,7.872901744,23.27939703,31.5506594,29.80086014,98.8084526,6.382847386,140.4426899
Coconut,Cocoa,3.762527508,10.93485774,30.69891131,28.69540935,97.62563088,5.546795996,200.922934
Coconut,Cocoa,33.83724176,28.97492433,28.19450626,27.61525409,92.94668063,5.893011143,200.3864134
Coconut,Cocoa,9.934463005,22.8663187,33.68533842,27.05793454,90.8675757,5.891807753,209.1211574
Coconut,Cocoa,18.91728137,11.38322525,29.75912236,29.77650759,92.33332285,5.880111281,221.6609126
Coconut,Cocoa,36.13497674,20.02002275,26.3488772,25.93875176,93.34988392,6.335443962,222.7614154
Coconut,Cocoa,6.641327914,16.02822961,31.2617493,26.66024374,90.95185749,6.058341587,137.6507887
Coconut,Cocoa,22.16799526,12.03626919,28.96381571,28.19268586,98.29648486,6.252514007,205.3264177
Coconut,Cocoa,24.67684376,17.45979908,32.22316556,25.92678126,90.70896309,6.373515855,188.1346869
Coconut,Cocoa,24.10072687,17.0018698,32.51308998,27.39890335,98.20277388,5.868663805,203.1771833
Coconut,Cocoa,5.038498142,25.10910796,26.72749566,29.27989185,92.76336824,6.043076863,184.0194099
Coconut,Cocoa,8.710976537,22.27807895,30.80622348,28.84673129,94.31242237,6.331159623,201.2306928
Coconut,Cocoa,34.37312592,14.53435751,30.65434194,29.23887789,97.54036041,5.668298808,149.6848093
Coconut,Cocoa,10.65245235,8.768715581,30.91955543,25.92461334,98.68147825,5.633320199,162.1924534
Coconut,Cocoa,15.96337789,19.44291895,29.54611427,26.29403872,95.09721015,5.80964132,146.6728264
Coconut,Cocoa,11.0934969,24.6426932,33.89918385,27.42401967,99.63796954,5.84147571,209.5760218
Coconut,Cocoa,3.739147828,10.73860706,32.13671621,28.6898894,94.19850625,6.046967394,223.2668906
Coconut,Cocoa,19.65272881,7.867879009,28.1456674,29.21005313,96.38076033,6.382907323,137.5268837
Coconut,Cocoa,33.99366674,27.46131721,31.52774875,29.70320086,99.38523125,6.209372726,214.0473603
Coconut,Cocoa,23.18455249,18.55108479,30.44675296,25.52779122,93.88568812,6.332097786,167.8770573
Coconut,Cocoa,4.162430853,28.59199553,30.0774713,25.8017144,90.66803899,5.54389378,194.0922381
Coconut,Cocoa,17.24682976,25.30272487,32.97087477,28.60430095,91.65523417,6.092903632,150.6728684
Coconut,Cocoa,15.45050695,9.966896933,27.49927508,28.35674634,92.04625469,6.022970364,204.973842
Coconut,Cocoa,30.45331697,13.21733144,33.41184054,25.88778543,92.33851918,5.812167081,209.4317959
Coconut,Cocoa,2.393709106,9.277802447,29.71989075,26.08617668,91.72714142,6.09508395,164.312448
Coconut,Cocoa,17.66915442,6.131618274,26.89947885,29.47752133,90.61635564,6.180049905,206.0588019
Coconut,Cocoa,32.37113342,8.379271708,31.18200476,25.82219299,91.57056342,6.112558038,134.8500438
Coconut,Cocoa,5.144147985,21.78411442,26.3235617,29.8783703,93.28399239,5.624715168,207.5822482
Coconut,Cocoa,18.00568067,14.17218168,28.25488258,27.06994923,94.59730739,5.876326633,146.0262554
Coconut,Cocoa,22.93196778,11.87722083,30.4900777,29.45363791,99.74317639,6.119569011,212.8891747
Coconut,Cocoa,3.393640442,26.32817572,32.79960659,25.74695358,97.32746546,6.210849702,150.7958322
Coconut,Cocoa,31.89062234,21.5117581,33.88527188,26.30249111,96.56692314,5.854967769,170.5295021
Coconut,Cocoa,11.92104251,25.17767382,31.84121299,27.68207198,99.04490287,6.08401478,207.9770756
Coconut,Cocoa,32.63612593,9.068044991,31.35869583,28.44638693,98.01339709,5.760437164,177.4139737
Coconut,Cocoa,3.119475757,17.95450606,31.58228398,26.81674384,99.78967893,5.678241592,190.9282945
Coconut,Cocoa,9.22768657,24.12031232,32.90893615,29.33214119,93.47002565,6.304051499,188.0357969
Coconut,Cocoa,9.770982773,28.5335659,27.61848546,27.53407564,93.05506049,5.934609883,210.6983911
Coconut,Cocoa,4.903345233,12.4904325,31.95712028,26.0428512,92.27667833,5.840257381,134.424296
Coconut,Cocoa,13.44109481,13.25954844,28.74472044,27.63206514,95.59660198,6.347468974,132.2223279
Coconut,Cocoa,23.54315536,19.79925428,32.57035064,28.62602352,93.76921375,5.660148782,221.8747839
Coconut,Cocoa,14.56198273,23.13121045,27.27609581,27.99698575,95.60712662,5.869452352,202.5440261
Coconut,Cocoa,27.50732659,6.414166598,33.60191321,28.21118717,94.78927644,5.936432458,194.4664477
Coconut,Cocoa,36.0998064,9.743399432,30.11898328,25.77424148,94.44087805,5.928642088,176.632488
Coconut,Cocoa,9.959410809,15.3968059,30.06983979,26.51784247,99.40816272,6.060623805,174.5822412
Coconut,Cocoa,11.16802061,26.28999745,27.04552836,29.58364007,93.38363715,6.365165556,168.9418892
Coconut,Cocoa,37.63887781,16.34396351,29.27639961,27.52924763,95.16104303,5.773061206,152.420681
Coconut,Cocoa,7.677571153,16.36199623,26.32898774,27.73076298,97.05821749,6.283167966,223.2794277
Coconut,Cocoa,24.12474315,26.11858797,28.59619076,27.456281,98.71137909,6.019503599,216.7181303
Coconut,Cocoa,13.21031336,10.68374317,27.17023928,27.18697493,99.15771233,5.738803915,219.361294
Coconut,Cocoa,12.77040188,11.00789088,31.91153654,25.73417975,98.84446331,5.666158035,195.719534
Coconut,Cocoa,24.58823952,28.29252908,33.38904585,27.62312839,95.76228066,5.87513699,220.5217492
Coconut,Cocoa,30.12508797,28.33320477,30.05652798,28.15389438,96.63221375,6.017444191,154.9484027
Coconut,Cocoa,10.71289346,8.865169994,29.14481697,28.99910515,91.97437783,6.117631895,177.9733806
Coconut,Cocoa,5.442901054,10.33703368,28.13845801,28.86100052,91.2602017,6.405597976,151.4107787
Coconut,Cocoa,2.365252084,16.49135495,29.54972422,25.86914036,94.40903874,5.936780024,182.5526421
Coconut,Cocoa,33.87692492,8.78277809,28.90410631,26.9212,91.64390755,6.359587593,163.0627531
Coconut,Cocoa,4.974622682,27.06946084,33.99281512,29.68863203,91.34656097,6.223404271,201.8273051
Coconut,Cocoa,4.403957344,16.10003418,26.97082803,29.68951145,91.03679602,5.639831756,207.1442794
Coconut,Cocoa,26.90391974,23.16419705,29.93732557,27.29689778,95.95715943,6.363035027,182.1479471
Coconut,Cocoa,25.15088871,20.77725884,33.30448404,26.63323919,93.64170856,5.985095599,141.7827651
Coconut,Cocoa,12.01472309,20.71179836,27.62101943,26.37558763,94.42521851,5.612323649,146.7183746
Coconut,Cocoa,20.79463375,25.87784792,31.00541419,27.17677133,98.39545795,5.639672698,144.3066748
Coconut,Cocoa,17.75997868,19.8892159,33.16417346,27.04656953,99.43529254,6.031649818,151.0529052
Coconut,Cocoa,32.57301468,20.55212922,28.66747101,28.28415853,93.44527935,5.650387258,184.3841218
Coconut,Cocoa,19.67339975,27.75317781,29.51134603,25.6918498,90.86405727,6.233409032,146.3225634
Coconut,Cocoa,29.53385652,18.01514903,26.07164436,29.58513906,96.48625888,5.760964387,138.6782009
Coconut,Cocoa,21.12447114,20.00034963,33.76162235,27.19055509,92.15249964,5.932441558,198.1114088
Coconut,Cocoa,24.4270271,20.75422776,29.778748,29.58020826,91.13913897,6.391996067,185.3574888
Coconut,Cocoa,9.928481252,26.97202076,30.28645573,27.87874606,99.40242848,5.601138869,173.2427799
Coconut,Cocoa,9.650624601,17.22030328,32.13779888,27.58078903,98.58361,6.289362393,159.5062955
Coconut,Cocoa,13.37776767,8.732658168,27.94967537,28.82588102,94.93503883,6.078438578,215.1333741
Coconut,Cocoa,13.42728993,7.642544522,32.56061555,28.45715776,91.45594055,5.552897895,158.4017014
Coconut,Cocoa,15.54657085,28.61049019,33.09702849,26.64562001,90.99854617,5.587009016,197.5490818
Coconut,Turmeric,22.62363341,26.04417246,34.20142393,28.53114553,92.0021642,6.199900428,134.2610008
Coconut,Turmeric,30.07075113,17.33608361,28.39241503,27.00841501,92.11974356,6.241881022,167.210268
Coconut,Turmeric,30.56326294,12.65538983,27.07012391,27.4667108,92.57414086,5.702932515,136.7655691
Coconut,Turmeric,1.607592445,20.42833579,31.00177214,29.56731682,92.54559312,5.802291738,155.5368544
Coconut,Turmeric,37.04652893,19.4841988,28.26989111,27.14622148,93.35716483,5.852328138,203.2865831
Coconut,Turmeric,29.54861292,11.4799247,28.85133903,27.77260734,91.54349253,6.124789243,157.4344074
Coconut,Turmeric,32.46582539,7.460182349,27.94506468,28.89410334,94.13151542,5.735179105,188.3995921
Coconut,Turmeric,16.30565953,23.5787806,28.48406053,25.43664703,98.61742744,6.15720376,147.845452
Coconut,Turmeric,12.70761917,25.28467201,30.68088868,27.75754257,93.89066311,6.204124248,224.1230634
Coconut,Turmeric,12.11510151,16.34350676,28.56413403,28.0285398,91.11637083,6.098574027,143.3626347
Coconut,Turmeric,29.76025667,14.23517469,28.82705902,27.60822529,97.79749068,6.119821077,199.7918517
Coconut,Turmeric,22.32606771,23.64178112,33.99146202,27.17478812,94.89601848,5.717253483,184.1653427
Coconut,Turmeric,36.09672781,24.61031374,31.65639455,28.36043792,97.44552422,6.221648697,155.4284292
Coconut,Turmeric,6.956036712,23.93689126,33.17099403,26.21394374,91.05621419,6.357743107,190.5141073
Coconut,Turmeric,0.92740331,21.34085542,33.66733187,29.15102892,90.76725646,6.211071416,188.8480392
Coconut,Turmeric,13.24955008,7.951881456,31.21668009,26.80050971,94.26255787,6.424138398,206.009228
Coconut,Turmeric,16.19073134,8.187906444,29.93669913,25.94939313,98.45221959,6.451036319,186.3719985
Coconut,Turmeric,31.5947226,24.2991996,29.63857584,28.01933062,95.33120929,6.364166291,200.371613
Coconut,Turmeric,20.87611896,19.27705572,29.99589413,29.56845527,99.0977885,6.169162195,146.3859464
Coconut,Turmeric,9.357604228,15.0452094,31.82401862,25.76484891,93.28459842,5.882978887,184.0535262
Coconut,Turmeric,11.30581089,20.11784178,34.80600038,25.89660701,94.04983456,6.139779381,224.6731598
Coconut,Turmeric,4.87617383,9.518260299,33.58842629,27.56493944,97.03749996,6.104915043,181.995244
Coconut,Turmeric,29.1764297,10.91859841,30.92332869,25.60075891,99.21343678,6.291088656,166.1294484
Coconut,Turmeric,17.67294795,8.626861494,31.07804795,26.35832634,93.71572798,5.792295614,172.0697735
Coconut,Turmeric,21.20843717,15.81877197,31.35830514,29.32433345,94.80632055,6.246833583,171.0319921
Coconut,Turmeric,17.80752524,11.8040244,29.68873048,28.98548088,96.59349938,5.561795724,188.6407951
Coconut,Turmeric,11.51027322,18.3779489,27.47337755,26.63494537,93.41745808,6.435466848,217.6855925
Coconut,Turmeric,25.64241665,12.42800765,33.25777619,25.59666776,97.66253934,6.397711022,198.784905
Coconut,Turmeric,18.13638782,8.777677944,33.09567189,27.70639686,92.25834582,5.552614647,206.4603803
Coconut,Turmeric,19.48096873,24.04576879,32.14964529,26.766964,91.64120761,5.58919257,168.2205562
Coconut,Turmeric,8.99104277,9.118013992,30.16445063,28.79449533,96.98110506,5.827875141,182.0886693
Coconut,Turmeric,16.33658762,8.732562583,32.45954148,29.32411496,90.90275853,6.426461613,198.73792
Coconut,Turmeric,1.777049036,23.4075319,29.01680064,26.92204677,98.65172329,5.803419079,146.2778824
Coconut,Turmeric,38.96554811,17.38910496,29.6042201,29.02252491,93.32520534,5.769063318,191.4259066
Coconut,Turmeric,37.28704311,24.60338127,34.43961847,29.2463395,98.470476,6.183900767,178.5400596
Coconut,Turmeric,30.59083618,18.37393197,33.27227198,26.56581758,98.51779433,5.682523231,225.0135353
Coconut,Turmeric,4.621356071,26.78158397,32.07174783,28.21866842,97.30576288,5.687226225,192.4913948
Coconut,Turmeric,21.85406056,26.55830109,31.51101983,27.76535809,91.45606206,6.432009363,133.7746274
Coconut,Turmeric,39.16897562,18.18885441,27.90902054,25.92266989,91.89017018,6.054198946,149.0643276
Coconut,Turmeric,17.90528221,22.15557622,27.16921751,29.69816554,98.8139931,5.734674539,138.5740146
Coconut,Turmeric,0.380507071,21.48153543,31.33459797,28.46856133,90.73490055,5.844553343,146.5770944
Coconut,Turmeric,11.3353709,21.74993093,28.65814773,26.30515256,91.14079489,6.262168741,161.3428677
Coconut,Turmeric,19.38161493,7.424324585,33.16435096,27.28628171,93.91864449,6.373194155,193.0937455
Coconut,Turmeric,25.33640549,14.04532007,27.6809529,29.49673949,92.52959886,5.754487308,139.5862711
Coconut,Turmeric,4.716790712,9.861572079,28.76708245,28.68006318,92.19734675,6.178408312,199.6084643
Coconut,Turmeric,39.55616046,24.99365685,34.98459831,25.951198,95.09048928,6.017902323,174.3939814
Coconut,Turmeric,8.17522957,26.53364079,33.28582975,25.95721564,96.30722386,5.731146618,163.2396882
Coconut,Turmeric,12.87005156,9.826623796,29.32222029,29.4641865,93.95679284,5.754642874,138.1206455
Coconut,Turmeric,33.17321461,15.47019804,28.4633026,29.31697974,96.19740825,6.309738721,173.2043932
Coconut,Turmeric,29.64354819,25.73104686,30.02274451,28.38162589,99.49649025,5.774934307,177.9899453
Coconut,Turmeric,18.20558988,20.60207694,30.31943256,26.57549013,95.76800853,6.410059123,198.2627829
Coconut,Turmeric,28.60977087,21.10285443,32.82720857,28.71439519,92.41530677,5.789641577,173.5712399
Coconut,Turmeric,3.277052208,10.68283484,29.7272897,27.72265628,94.47417995,6.388649439,216.5745091
Coconut,Turmeric,4.079596294,8.061304729,34.40297052,25.89775506,94.22551887,5.755091568,135.6580858
Coconut,Turmeric,30.28198925,9.331610822,29.10589675,26.8632629,92.50625695,5.680591079,162.2929489
Coconut,Turmeric,30.79759395,19.09323274,29.19060039,28.94808013,93.56102546,6.056260925,155.1516639
Coconut,Turmeric,35.92103512,26.76940459,34.58203089,26.67154196,95.76437027,6.417352882,211.3865255
Coconut,Turmeric,32.5828774,17.66187528,28.38352983,27.02827213,95.64060677,6.059040467,138.4736847
Coconut,Turmeric,1.71479451,9.758497733,32.30981594,26.00252101,98.07292345,5.614797654,136.2487562
Coconut,Turmeric,3.08267766,22.52409848,28.37900416,27.25615017,91.25987612,6.298103144,132.4436936
Coconut,Turmeric,33.295584,16.70757344,30.86126477,29.49029244,90.85818768,5.968236631,144.3303862
Coconut,Turmeric,9.755732732,23.40780886,31.39515378,29.59614007,94.53162099,5.629785657,175.3920413
Coconut,Turmeric,14.01537991,12.84100786,31.07918381,25.44946776,92.63576472,5.64637059,155.0967595
Coconut,Turmeric,7.524586434,23.26560542,33.74632133,27.6970694,91.25777471,5.827785284,168.1050369
Coconut,Turmeric,25.0169367,22.02092524,28.21025839,28.10367349,97.34458216,5.542701603,183.1634984
Coconut,Turmeric,14.1472008,24.0980379,32.78011432,27.8728576,93.73159454,5.821979765,195.041057
Coconut,Turmeric,33.94587654,12.18103756,34.78845285,29.61150143,91.16884332,6.208955158,182.1677251
Coconut,Turmeric,29.84017529,20.68625104,29.02911835,28.67988401,96.84120134,5.645608617,192.1554171
Coconut,Turmeric,12.44968284,13.54059484,34.13724549,29.63106986,93.12809209,6.377604078,195.1240097
Coconut,Turmeric,2.025729135,12.04052838,33.9536453,26.15556775,90.90237884,6.175428376,208.1717894
Coconut,Turmeric,22.36114107,19.62287692,30.75685925,27.40600685,99.02149514,5.517959285,159.7828516
Coconut,Turmeric,33.9097138,12.06723292,29.1888732,29.45987775,90.78598855,6.445407463,143.22538
Coconut,Turmeric,5.05689434,15.81941462,33.14581128,27.0703532,97.87641101,6.272418683,206.9186744
Coconut,Turmeric,31.22339161,16.38376925,31.19858247,28.87765921,92.16398802,6.367992936,187.6156747
Coconut,Turmeric,16.17749819,13.12113642,31.78867166,29.14684982,92.23715484,6.15916393,219.5114683
Coconut,Turmeric,16.63107031,25.34517339,27.72157063,29.60834361,99.0270282,6.039796844,178.9065017
Coconut,Turmeric,22.75317702,25.96942054,27.10585455,27.67076221,97.55619589,5.819420166,186.770068
Coconut,Turmeric,17.07729674,21.65348812,34.73727749,28.49036123,99.36950336,6.038764192,209.6429329
Coconut,Turmeric,11.53883107,12.52581754,29.73763287,27.66140891,95.30667496,6.444436145,218.4452572
Coconut,Turmeric,2.17854527,9.401125699,30.22304181,26.40268736,92.41377818,5.979201628,164.9763764
Coconut,Turmeric,30.08229617,9.50010804,28.1109645,27.60422792,94.97213285,5.883001286,204.2897705
Coconut,Turmeric,22.1125813,20.44109623,33.71409894,26.13491691,92.63401721,5.862860062,178.7155108
Coconut,Turmeric,16.15049835,12.10854533,31.30001067,29.59820793,93.81738739,6.231773053,139.9327215
Coconut,Turmeric,36.85760051,11.05241196,29.53405185,26.71303527,94.09591975,6.176915475,221.762123
Coconut,Turmeric,19.12826161,24.84337531,27.5553243,28.06407789,95.3132118,5.909816558,197.3184951
Coconut,Turmeric,33.24361977,16.71428174,31.86986805,28.21031041,91.9562466,5.966045125,213.309622
Coconut,Turmeric,4.794419875,19.00644986,33.47207597,28.43881065,96.39357904,6.199529872,175.7540312
Coconut,Turmeric,23.86314556,13.98851676,32.31437208,29.57530572,98.62269396,6.341431544,140.6511209
Coconut,Turmeric,3.52657688,19.05746445,27.34736493,26.25200164,94.20257487,5.977712283,139.3404437
Coconut,Turmeric,16.47091361,25.84309933,31.80929575,29.51503268,94.5454035,6.406590983,217.835991
Coconut,Turmeric,35.75398642,9.629609021,28.14944523,26.07219441,92.6396438,5.927777437,149.4202287
Coconut,Turmeric,26.87376248,11.85780185,28.79827177,25.79480372,93.04306049,6.329280289,154.7453133
Coconut,Turmeric,16.15703062,14.17463404,34.4311883,28.07922904,98.58348618,6.402133939,208.6912677
Coconut,Turmeric,33.754925,15.71546293,32.72728504,28.24029574,98.78395529,6.179562648,198.119679
Coconut,Turmeric,34.37781054,15.78095573,32.2786092,27.70084162,94.94213898,6.055068898,165.4928284
Coconut,Turmeric,31.29548301,10.18890587,32.45163906,26.51454859,98.9985012,5.61192063,174.028002
Coconut,Turmeric,12.21321144,18.64983098,33.02108933,29.14180221,97.62116698,6.176666348,149.3064294
Coconut,Turmeric,13.68983279,25.17381272,27.55346513,28.42579868,94.05021397,6.265167301,136.3704499
Coconut,Turmeric,6.927310581,9.81957602,30.98661838,27.6127739,96.412681,5.648643408,188.4278809
Coconut,Turmeric,26.74695091,15.84104141,28.90237349,28.74034732,95.65992622,5.800390721,139.1885849
